[
  {
    "name": "Parsley",
    "price": 519.06,
    "seller": "Christina Patterson"
  },
  {
    "name": "equaline",
    "price": 520.45,
    "seller": "Patricia Fuller"
  },
  {
    "name": "Extra Strength Pain Reliever PM",
    "price": 542.72,
    "seller": "Carl Lawson"
  },
  {
    "name": "Prednisone",
    "price": 550.72,
    "seller": "Brandon Fuller"
  },
  {
    "name": "TERSI",
    "price": 554.91,
    "seller": "null Schmidt"
  },
  {
    "name": "PLANTAGO LANCEOLATA POLLEN",
    "price": 561.68,
    "seller": "Benjamin Henry"
  },
  {
    "name": "Echinacea Quartz Gum Support",
    "price": 570.08,
    "seller": "Emily Parker"
  },
  {
    "name": "AIR",
    "price": 581.69,
    "seller": "Sarah Day"
  },
  {
    "name": "Gemcitabine",
    "price": 594.79,
    "seller": "Bonnie Fox"
  },
  {
    "name": "Diastat",
    "price": 614.14,
    "seller": "Jean Henry"
  },
  {
    "name": "No7 Protect and Perfect Foundation Sunscreen Broad Spectrum SPF 15 Cool Ivory",
    "price": 616.19,
    "seller": "null Baker"
  },
  {
    "name": "Foaming Hand Sanitizer",
    "price": 624.72,
    "seller": "null Bennett"
  },
  {
    "name": "Imipramine Hydrochloride",
    "price": 648.69,
    "seller": "Brandon Fuller"
  },
  {
    "name": "Strattera",
    "price": 658.54,
    "seller": "Betty Lawson"
  },
  {
    "name": "ENBREL",
    "price": 673.97,
    "seller": "Amanda Frazier"
  },
  {
    "name": "PRIMAXIN",
    "price": 686.66,
    "seller": "null Peterson"
  },
  {
    "name": "Pleo Lat",
    "price": 720.08,
    "seller": "Carl Lawson"
  },
  {
    "name": "Warfarin Sodium",
    "price": 770.05,
    "seller": "Carl Lawson"
  },
  {
    "name": "Clarins Paris Skin Illusion - 114 cappuccino",
    "price": 811.42,
    "seller": "Billy Parker"
  },
  {
    "name": "Azithromycin",
    "price": 813.87,
    "seller": "Patrick King"
  },
  {
    "name": "LV-FX",
    "price": 820.87,
    "seller": "null Fox"
  },
  {
    "name": "IOPE SUPER VITAL",
    "price": 824.68,
    "seller": "Marie Williamson"
  },
  {
    "name": "RESCRIPTOR",
    "price": 850.52,
    "seller": "Thomas Snyder"
  },
  {
    "name": "Moore Medical Sinus Pain and Pressure Relief",
    "price": 855.39,
    "seller": "Clarence Fowler"
  },
  {
    "name": "Perrigo Benzoyl Peroxide",
    "price": 873.24,
    "seller": "Christine Gomez"
  },
  {
    "name": "Ranitidine",
    "price": 926.64,
    "seller": "Billy Parker"
  },
  {
    "name": "Spironolactone",
    "price": 933.69,
    "seller": "Anna Clark"
  },
  {
    "name": "pain relief",
    "price": 938.23,
    "seller": "Eugene Stewart"
  },
  {
    "name": "NEO-POLY-BAC HYDRO",
    "price": 967.32,
    "seller": "Gloria Alexander"
  },
  {
    "name": "Megestrol Acetate",
    "price": 976.15,
    "seller": "Betty Ward"
  },
  {
    "name": "Retin-A MICRO",
    "price": 995.98,
    "seller": "Gary Stevens"
  }
]