[
  {
    "firstName": "Gloria",
    "lastName": "Alexander",
    "soldProducts": [
      {
        "name": "Buprenorphine hydrochloride and naloxone hydrochloride dihydrate",
        "price": 293.33,
        "buyerFirstName": "Paula",
        "buyerLastName": "Hill"
      },
      {
        "name": "XtraCare Foam Antibacterial Hand Wash",
        "price": 1251.97,
        "buyerFirstName": "Sarah",
        "buyerLastName": "Day"
      },
      {
        "name": "Buprenorphine hydrochloride",
        "price": 391.05,
        "buyerLastName": "Fox"
      }
    ]
  },
  {
    "firstName": "Fred",
    "lastName": "Allen",
    "soldProducts": [
      {
        "name": "Budpak Hemorrhoid Anesthetic",
        "price": 1499.29,
        "buyerLastName": "Mitchell"
      }
    ]
  },
  {
    "lastName": "Baker",
    "soldProducts": [
      {
        "name": "Childrens Allegra Allergy",
        "price": 650.97,
        "buyerLastName": "Bennett"
      },
      {
        "name": "Nevirapine",
        "price": 1374.72,
        "buyerFirstName": "Christina",
        "buyerLastName": "Patterson"
      },
      {
        "name": "DIPYRIDAMOLE",
        "price": 1150.67,
        "buyerFirstName": "Joshua",
        "buyerLastName": "Murray"
      }
    ]
  },
  {
    "firstName": "Anna",
    "lastName": "Clark",
    "soldProducts": [
      {
        "name": "Care One Hemorrhoidal",
        "price": 932.18,
        "buyerFirstName": "Betty",
        "buyerLastName": "Ward"
      },
      {
        "name": "Topiramate",
        "price": 578.77,
        "buyerFirstName": "Eugene",
        "buyerLastName": "Stewart"
      },
      {
        "name": "Triamterene and Hydrochlorothiazide",
        "price": 1416.59,
        "buyerLastName": "Bennett"
      }
    ]
  },
  {
    "firstName": "Doris",
    "lastName": "Cook",
    "soldProducts": [
      {
        "name": "Yellow Jacket hymenoptera venom Venomil Diagnostic",
        "price": 23.58,
        "buyerFirstName": "Sarah",
        "buyerLastName": "Day"
      }
    ]
  },
  {
    "firstName": "Patricia",
    "lastName": "Cooper",
    "soldProducts": [
      {
        "name": "Fexofenadine HCl and Pseudoephedrine HCI",
        "price": 73.07,
        "buyerFirstName": "Gloria",
        "buyerLastName": "Alexander"
      },
      {
        "name": "H-Rosacea Formula",
        "price": 99.74,
        "buyerFirstName": "Brandon",
        "buyerLastName": "Fuller"
      },
      {
        "name": "Archangelica Eucalyptus",
        "price": 1334.91,
        "buyerLastName": "Fox"
      }
    ]
  },
  {
    "firstName": "Carl",
    "lastName": "Daniels",
    "soldProducts": [
      {
        "name": "Almond",
        "price": 367.32,
        "buyerFirstName": "Arthur",
        "buyerLastName": "Reynolds"
      },
      {
        "name": "Amitriptyline Hydrochloride",
        "price": 1453.96,
        "buyerLastName": "Moreno"
      }
    ]
  },
  {
    "firstName": "Clarence",
    "lastName": "Fowler",
    "soldProducts": [
      {
        "name": "Dawn Ultra Antibacterial Hand",
        "price": 969.86,
        "buyerFirstName": "Rachel",
        "buyerLastName": "Johnson"
      },
      {
        "name": "Aspen",
        "price": 1046.46,
        "buyerLastName": "Bennett"
      }
    ]
  },
  {
    "lastName": "Fox",
    "soldProducts": [
      {
        "name": "Gehwol med Lipidro",
        "price": 421.24,
        "buyerLastName": "Mitchell"
      }
    ]
  },
  {
    "firstName": "Amanda",
    "lastName": "Frazier",
    "soldProducts": [
      {
        "name": "smart sense nighttime cold and flu relief",
        "price": 1101.77,
        "buyerFirstName": "Marie",
        "buyerLastName": "Williamson"
      },
      {
        "name": "Etoposide",
        "price": 1483.96,
        "buyerFirstName": "Ann",
        "buyerLastName": "Stevens"
      }
    ]
  },
  {
    "firstName": "Brandon",
    "lastName": "Fuller",
    "soldProducts": [
      {
        "name": "CVS Therapeutic Menthol Pain Reliever",
        "price": 1033.42,
        "buyerFirstName": "Brenda",
        "buyerLastName": "Howell"
      }
    ]
  },
  {
    "firstName": "Kathy",
    "lastName": "Gilbert",
    "soldProducts": [
      {
        "name": "Myristica Argentum Sinus Relief",
        "price": 904.52,
        "buyerFirstName": "Doris",
        "buyerLastName": "Cook"
      },
      {
        "name": "Amitiza",
        "price": 666.58,
        "buyerFirstName": "Betty",
        "buyerLastName": "Ward"
      }
    ]
  },
  {
    "firstName": "Christine",
    "lastName": "Gomez",
    "soldProducts": [
      {
        "name": "DAYWEAR PLUS MULTI PROTECTION TINTED MOISTURIZER",
        "price": 555.12,
        "buyerFirstName": "Nicole",
        "buyerLastName": "Harris"
      },
      {
        "name": "Pollens - Trees, Birch Mix",
        "price": 1153.54,
        "buyerFirstName": "Jonathan",
        "buyerLastName": "Rodriguez"
      },
      {
        "name": "Meloxicam",
        "price": 809.18,
        "buyerFirstName": "Brenda",
        "buyerLastName": "Howell"
      },
      {
        "name": "Naproxen",
        "price": 807.22,
        "buyerFirstName": "Chris",
        "buyerLastName": "Mitchell"
      }
    ]
  },
  {
    "firstName": "Nicole",
    "lastName": "Harris",
    "soldProducts": [
      {
        "name": "CLARINS Ever Matte SPF 15 - 105 Nude",
        "price": 696.06,
        "buyerFirstName": "Kathy",
        "buyerLastName": "Gilbert"
      },
      {
        "name": "Nighttime Sleep Aid",
        "price": 1217.11,
        "buyerFirstName": "Rachel",
        "buyerLastName": "Johnson"
      }
    ]
  },
  {
    "firstName": "Wanda",
    "lastName": "Harris",
    "soldProducts": [
      {
        "name": "Agaricus Equisetum Special Order",
        "price": 585.93,
        "buyerFirstName": "Diana",
        "buyerLastName": "Harvey"
      },
      {
        "name": "Glyburide",
        "price": 95.10,
        "buyerFirstName": "Patrick",
        "buyerLastName": "King"
      },
      {
        "name": "Clearskin",
        "price": 968.59,
        "buyerFirstName": "Anna",
        "buyerLastName": "Clark"
      },
      {
        "name": "Irbesartan and Hydrochlorothiazide",
        "price": 308.30,
        "buyerLastName": "Bennett"
      }
    ]
  },
  {
    "lastName": "Harrison",
    "soldProducts": [
      {
        "name": "ROPINIROLE HYDROCHLORIDE",
        "price": 266.44,
        "buyerFirstName": "Anna",
        "buyerLastName": "Parker"
      },
      {
        "name": "GEMCITABINE",
        "price": 1468.11,
        "buyerFirstName": "Gloria",
        "buyerLastName": "Alexander"
      }
    ]
  },
  {
    "firstName": "Diana",
    "lastName": "Harvey",
    "soldProducts": [
      {
        "name": "MOIST MOISTURE SKIN TONER",
        "price": 152.43,
        "buyerLastName": "Fox"
      },
      {
        "name": "Enchanted Moments Mistletoe Kisses Hand Sanitizer",
        "price": 384.99,
        "buyerFirstName": "Billy",
        "buyerLastName": "Parker"
      },
      {
        "name": "Acetaminophen, Chlorpheniramine Maleate, Dextromethorphan Hydrobromide, Phenylephrine Hydrochloride",
        "price": 1028.27,
        "buyerFirstName": "Thomas",
        "buyerLastName": "Snyder"
      }
    ]
  },
  {
    "firstName": "Benjamin",
    "lastName": "Henry",
    "soldProducts": [
      {
        "name": "Isosorbide Mononitrate",
        "price": 789.91,
        "buyerFirstName": "Patricia",
        "buyerLastName": "Fuller"
      },
      {
        "name": "Acetic Acid",
        "price": 1060.43,
        "buyerFirstName": "Patrick",
        "buyerLastName": "King"
      },
      {
        "name": "Allopurinol",
        "price": 48.80,
        "buyerFirstName": "Jonathan",
        "buyerLastName": "Rodriguez"
      }
    ]
  },
  {
    "firstName": "Jean",
    "lastName": "Henry",
    "soldProducts": [
      {
        "name": "AMARANTHUS PALMERI POLLEN",
        "price": 623.16,
        "buyerFirstName": "Doris",
        "buyerLastName": "Cook"
      },
      {
        "name": "ESIKA",
        "price": 879.37,
        "buyerLastName": "Moreno"
      }
    ]
  },
  {
    "firstName": "Paula",
    "lastName": "Hill",
    "soldProducts": [
      {
        "name": "Benazepril Hydrochloride and Hydrochlorothiazide",
        "price": 1187.27,
        "buyerFirstName": "Brenda",
        "buyerLastName": "Howell"
      },
      {
        "name": "Allopurinol",
        "price": 336.81,
        "buyerLastName": "Harrison"
      },
      {
        "name": "Baza Antifungal",
        "price": 1162.34,
        "buyerFirstName": "Arthur",
        "buyerLastName": "Reynolds"
      }
    ]
  },
  {
    "firstName": "Brenda",
    "lastName": "Howell",
    "soldProducts": [
      {
        "name": "Etomidate",
        "price": 393.94,
        "buyerLastName": "Schmidt"
      },
      {
        "name": "Wintergreen Isopropyl Alcohol",
        "price": 1397.57,
        "buyerFirstName": "Jeremy",
        "buyerLastName": "Woods"
      },
      {
        "name": "Aquafresh",
        "price": 849.93,
        "buyerFirstName": "Christine",
        "buyerLastName": "Gomez"
      },
      {
        "name": "Hydralazine Hydrochloride",
        "price": 1309.72,
        "buyerFirstName": "Doris",
        "buyerLastName": "Cook"
      }
    ]
  },
  {
    "firstName": "Rachel",
    "lastName": "Johnson",
    "soldProducts": [
      {
        "name": "Gilotrif",
        "price": 1454.77,
        "buyerFirstName": "Benjamin",
        "buyerLastName": "Henry"
      },
      {
        "name": "LBEL Couleur Luxe Rouge Amplifier XP amplifying SPF 15",
        "price": 1069.43,
        "buyerLastName": "Harrison"
      },
      {
        "name": "Pioglitazone",
        "price": 306.56,
        "buyerLastName": "Fox"
      }
    ]
  },
  {
    "firstName": "Patrick",
    "lastName": "King",
    "soldProducts": [
      {
        "name": "SEPHORA Acne-Fighting Mattifying Moisturizer",
        "price": 1019.28,
        "buyerFirstName": "Anna",
        "buyerLastName": "Parker"
      },
      {
        "name": "Allopurinol",
        "price": 518.50,
        "buyerLastName": "Bennett"
      }
    ]
  },
  {
    "firstName": "Betty",
    "lastName": "Lawson",
    "soldProducts": [
      {
        "name": "Smooth texture Orange flavor",
        "price": 976.65,
        "buyerLastName": "Moreno"
      },
      {
        "name": "EMEND",
        "price": 1365.51,
        "buyerFirstName": "Benjamin",
        "buyerLastName": "Henry"
      },
      {
        "name": "LANEIGE MYSTIC VEIL FOUNDATION",
        "price": 20.86,
        "buyerLastName": "Peterson"
      },
      {
        "name": "Metformin Hydrochloride",
        "price": 953.99,
        "buyerFirstName": "Ann",
        "buyerLastName": "Stevens"
      },
      {
        "name": "Topical 60 Sec Sodium Fluoride",
        "price": 1228.84,
        "buyerFirstName": "Chris",
        "buyerLastName": "Mitchell"
      },
      {
        "name": "Alternaria alternata",
        "price": 61.24,
        "buyerFirstName": "Gloria",
        "buyerLastName": "Alexander"
      }
    ]
  },
  {
    "firstName": "Carl",
    "lastName": "Lawson",
    "soldProducts": [
      {
        "name": "Cefadroxil",
        "price": 1302.20,
        "buyerLastName": "Schmidt"
      }
    ]
  },
  {
    "lastName": "Mitchell",
    "soldProducts": [
      {
        "name": "Aspirin",
        "price": 925.45,
        "buyerFirstName": "Marie",
        "buyerLastName": "Williamson"
      },
      {
        "name": "Labetalol hydrochloride",
        "price": 436.38,
        "buyerFirstName": "Benjamin",
        "buyerLastName": "Henry"
      }
    ]
  },
  {
    "firstName": "Chris",
    "lastName": "Mitchell",
    "soldProducts": [
      {
        "name": "Glipizide and Metformin Hydrochloride",
        "price": 953.60,
        "buyerLastName": "Schmidt"
      },
      {
        "name": "AVANDAMET",
        "price": 632.08,
        "buyerLastName": "Cunningham"
      }
    ]
  },
  {
    "lastName": "Moreno",
    "soldProducts": [
      {
        "name": "Aspergillus repens",
        "price": 1231.42,
        "buyerFirstName": "Patricia",
        "buyerLastName": "Cooper"
      },
      {
        "name": "Prostate",
        "price": 716.05,
        "buyerFirstName": "Nicole",
        "buyerLastName": "Martinez"
      }
    ]
  },
  {
    "firstName": "Joshua",
    "lastName": "Murray",
    "soldProducts": [
      {
        "name": "XANTHIUM STRUMARIUM VAR CANADENSE POLLEN",
        "price": 1091.38,
        "buyerFirstName": "Brandon",
        "buyerLastName": "Fuller"
      }
    ]
  },
  {
    "firstName": "Anna",
    "lastName": "Parker",
    "soldProducts": [
      {
        "name": "GOONG SECRET CALMING BATH",
        "price": 742.47,
        "buyerFirstName": "Brenda",
        "buyerLastName": "Howell"
      },
      {
        "name": "Air",
        "price": 331.53,
        "buyerFirstName": "Marie",
        "buyerLastName": "Williamson"
      }
    ]
  },
  {
    "firstName": "Billy",
    "lastName": "Parker",
    "soldProducts": [
      {
        "name": "Zonisamide",
        "price": 1305.41,
        "buyerFirstName": "Nicole",
        "buyerLastName": "Harris"
      },
      {
        "name": "Glipizide",
        "price": 621.78,
        "buyerLastName": "Cunningham"
      },
      {
        "name": "BareMinerals Golden Tan matte",
        "price": 110.93,
        "buyerFirstName": "Amanda",
        "buyerLastName": "Frazier"
      },
      {
        "name": "Goats Milk",
        "price": 298.53,
        "buyerFirstName": "Joshua",
        "buyerLastName": "Murray"
      }
    ]
  },
  {
    "firstName": "Emily",
    "lastName": "Parker",
    "soldProducts": [
      {
        "name": "Finasteride",
        "price": 1374.01,
        "buyerFirstName": "Paula",
        "buyerLastName": "Hill"
      },
      {
        "name": "Enalapril Maleate",
        "price": 72.71,
        "buyerFirstName": "Patrick",
        "buyerLastName": "King"
      },
      {
        "name": "EPZICOM",
        "price": 895.65,
        "buyerLastName": "Peterson"
      }
    ]
  },
  {
    "firstName": "Christina",
    "lastName": "Patterson",
    "soldProducts": [
      {
        "name": "PAMO Kill Natural",
        "price": 1181.06,
        "buyerFirstName": "Billy",
        "buyerLastName": "Parker"
      },
      {
        "name": "ziprasidone hydrochloride",
        "price": 628.66,
        "buyerFirstName": "Joshua",
        "buyerLastName": "Murray"
      }
    ]
  },
  {
    "lastName": "Peterson",
    "soldProducts": [
      {
        "name": "SNORING HP",
        "price": 53.59,
        "buyerFirstName": "Chris",
        "buyerLastName": "Mitchell"
      },
      {
        "name": "Phenylephrine HCl",
        "price": 459.89,
        "buyerLastName": "Bennett"
      },
      {
        "name": "Pleo Ginkgo",
        "price": 613.65,
        "buyerLastName": "Baker"
      }
    ]
  },
  {
    "firstName": "Arthur",
    "lastName": "Reynolds",
    "soldProducts": [
      {
        "name": "Homeopathic Rheumatism",
        "price": 967.08,
        "buyerFirstName": "Gloria",
        "buyerLastName": "Alexander"
      }
    ]
  },
  {
    "firstName": "Jennifer",
    "lastName": "Riley",
    "soldProducts": [
      {
        "name": "olio activ mouthwash",
        "price": 206.06,
        "buyerFirstName": "Fred",
        "buyerLastName": "Allen"
      },
      {
        "name": "PREMIER VALUE ALLERGY",
        "price": 1127.61,
        "buyerFirstName": "Wanda",
        "buyerLastName": "Harris"
      },
      {
        "name": "Ketorolac Tromethamine",
        "price": 608.18,
        "buyerFirstName": "Kathy",
        "buyerLastName": "Gilbert"
      }
    ]
  },
  {
    "firstName": "Sandra",
    "lastName": "Riley",
    "soldProducts": [
      {
        "name": "VITALUMIERE AQUA",
        "price": 1293.09,
        "buyerFirstName": "Sarah",
        "buyerLastName": "Day"
      }
    ]
  },
  {
    "firstName": "Jonathan",
    "lastName": "Rodriguez",
    "soldProducts": [
      {
        "name": "Oxygen",
        "price": 1242.92,
        "buyerLastName": "Mitchell"
      },
      {
        "name": "Levothyroxine Sodium",
        "price": 885.86,
        "buyerFirstName": "Carl",
        "buyerLastName": "Lawson"
      },
      {
        "name": "Ampicillin",
        "price": 674.63,
        "buyerFirstName": "Gary",
        "buyerLastName": "Stevens"
      },
      {
        "name": "PANTOPRAZOLE SODIUM",
        "price": 293.89,
        "buyerFirstName": "Joshua",
        "buyerLastName": "Murray"
      },
      {
        "name": "Leg Cramp Relief",
        "price": 1345.69,
        "buyerFirstName": "Anna",
        "buyerLastName": "Parker"
      },
      {
        "name": "CALMING DIAPER RASH",
        "price": 700.92,
        "buyerLastName": "Mitchell"
      }
    ]
  },
  {
    "lastName": "Schmidt",
    "soldProducts": [
      {
        "name": "Acnezzol Base",
        "price": 710.60,
        "buyerFirstName": "Patricia",
        "buyerLastName": "Cooper"
      },
      {
        "name": "Pollens - Weeds and Garden Plants, Scotch Broom Cytisus scoparius",
        "price": 135.82,
        "buyerFirstName": "Carl",
        "buyerLastName": "Lawson"
      },
      {
        "name": "Etodolac",
        "price": 1443.13,
        "buyerFirstName": "Amanda",
        "buyerLastName": "Frazier"
      }
    ]
  },
  {
    "firstName": "Ann",
    "lastName": "Stevens",
    "soldProducts": [
      {
        "name": "Shopko Lip Treatment",
        "price": 861.42,
        "buyerFirstName": "Thomas",
        "buyerLastName": "Snyder"
      },
      {
        "name": "Cold and Cough",
        "price": 218.14,
        "buyerFirstName": "Doris",
        "buyerLastName": "Cook"
      },
      {
        "name": "TRAMADOL HYDROCHLORIDE",
        "price": 516.48,
        "buyerFirstName": "Jeremy",
        "buyerLastName": "Woods"
      }
    ]
  },
  {
    "firstName": "Gary",
    "lastName": "Stevens",
    "soldProducts": [
      {
        "name": "Propranolol Hydrochloride",
        "price": 546.95,
        "buyerFirstName": "Jacqueline",
        "buyerLastName": "Perez"
      },
      {
        "name": "Metoprolol Tartrate",
        "price": 1405.74,
        "buyerLastName": "Peterson"
      }
    ]
  },
  {
    "lastName": "Thompson",
    "soldProducts": [
      {
        "name": "cough and sore throat",
        "price": 1482.68,
        "buyerFirstName": "Brandon",
        "buyerLastName": "Fuller"
      }
    ]
  },
  {
    "firstName": "Betty",
    "lastName": "Ward",
    "soldProducts": [
      {
        "name": "Lorazepam",
        "price": 1134.96,
        "buyerLastName": "Schmidt"
      },
      {
        "name": "Laser Block 100",
        "price": 1135.43,
        "buyerFirstName": "Doris",
        "buyerLastName": "Cook"
      }
    ]
  },
  {
    "firstName": "Marie",
    "lastName": "Williamson",
    "soldProducts": [
      {
        "name": "Pollens - Weeds and Garden Plants, Nettle Urtica dioica",
        "price": 782.77,
        "buyerFirstName": "Christina",
        "buyerLastName": "Patterson"
      },
      {
        "name": "ISOPROPYL ALCOHOL",
        "price": 339.48,
        "buyerFirstName": "Billy",
        "buyerLastName": "Parker"
      }
    ]
  },
  {
    "firstName": "Jeremy",
    "lastName": "Woods",
    "soldProducts": [
      {
        "name": "ENALAPRIL MALEATE",
        "price": 210.42,
        "buyerFirstName": "Carl",
        "buyerLastName": "Daniels"
      },
      {
        "name": "Topex",
        "price": 1258.49,
        "buyerFirstName": "Bonnie",
        "buyerLastName": "Fox"
      },
      {
        "name": "up and up temporary minor arthritis pain relief",
        "price": 1085.78,
        "buyerFirstName": "Gloria",
        "buyerLastName": "Alexander"
      }
    ]
  }
]